javascript:__doPostBack('ctl00$ContentPlaceHolder1$ScholarshipDataControl$grvScholarshipSearch$ctl01$lbnAwardValue','')
javascript:__doPostBack('ctl00$ContentPlaceHolder1$ScholarshipDataControl$grvScholarshipSearch$ctl01$lbnAwardDeadline','')
/Scholarships/16487/Marguerite-R.-Dow-Canadian-Heritage-Award
https://www.Schoolfinder.com/Schools/Quick-Facts/University/utuwo08/Western-University
https://www.Schoolfinder.com/Schools/Quick-Facts/Other+Graduate/utuwo08/Western-University
/Scholarships/65249/Society-of-United-Professionals-Ontario-Aboriginal-Award
/Scholarships/65249/Society-of-United-Professionals-Ontario-Aboriginal-Award
/Scholarships/16523/Pioneer-Jamie-Smibert-Award
https://www.Schoolfinder.com/Schools/Quick-Facts/University/utuwo08/Western-University
/Scholarships/67182/Pioneer-Sandy-Smibert-Award
https://www.Schoolfinder.com/Schools/Quick-Facts/University/utuwo08/Western-University
/Scholarships/66552/Brock-Millman-Memorial-Award
https://www.Schoolfinder.com/Schools/Quick-Facts/University/utuwo08/Western-University
/Scholarships/66552/Brock-Millman-Memorial-Award
/Scholarships/56207/Gustave-and-Marie-Lanct%c3%b4t-Scholarship
https://www.Schoolfinder.com/Schools/Quick-Facts/University/uotta08/University-of-Ottawa/Université-d-Ottawa
https://www.Schoolfinder.com/Schools/Quick-Facts/Other+Graduate/uotta08/University-of-Ottawa/Université-d-Ottawa
/Scholarships/25616/Wainwright-Bursary
https://www.Schoolfinder.com/Schools/Quick-Facts/University/ucarl08/Carleton-University
/Scholarships/59315/The-United-Empire-Loyalists-Association-of-Canada-Toronto
https://www.Schoolfinder.com/Schools/Quick-Facts/University/uglen08/Glendon-College
/Scholarships/54619/Palatine-Hills-Estate-Winery-&-the-Cloverleaf-Foundation-Bursary-in-Canadian-History
https://www.Schoolfinder.com/Schools/Quick-Facts/University/ubroc08/Brock-University
/Scholarships/59005/Evelyn-Ruth-Mclean-Scholarship-in-Canadian-History
https://www.Schoolfinder.com/Schools/Quick-Facts/University/umcma08/McMaster-University
/Scholarships/82152/Dr.-Heather-Onyett-History-Scholarship-II
https://www.Schoolfinder.com/Schools/Quick-Facts/University/uuoft08/University-of-Toronto-St.-George
/Scholarships/16418/Colonel-John-By-Award-for-History,-The
https://www.Schoolfinder.com/Schools/Quick-Facts/University/ucarl08/Carleton-University
/Scholarships/83883/OSOTF-Brian-Mulroney-Award
https://www.Schoolfinder.com/Schools/Quick-Facts/University/uuoft08/University-of-Toronto-St.-George
/Scholarships/58835/Women-s-Canadian-Historical-Society-Scholarship
https://www.Schoolfinder.com/Schools/Quick-Facts/University/uyork08/York-University
/Scholarships/34861/Women-s-Canadian-Historical-Society-of-Toronto-Scholarship
https://www.Schoolfinder.com/Schools/Quick-Facts/University/uuoft08/University-of-Toronto-St.-George
/Scholarships/19609/Edwin-A.-Goodman-Award-In-History
https://www.Schoolfinder.com/Schools/Quick-Facts/University/utuwo08/Western-University
/Scholarships/19610/Fred-Landon-Prize-in-Canadian-History
https://www.Schoolfinder.com/Schools/Quick-Facts/University/utuwo08/Western-University
/Scholarships/38974/Lex-MacKenzie-Scholarship
https://www.Schoolfinder.com/Schools/Quick-Facts/University/uyork08/York-University
https://www.Schoolfinder.com/Schools/Quick-Facts/University/uglen08/Glendon-College
/Scholarships/9617/Turner-Book-Prize-in-Canadian-History
https://www.Schoolfinder.com/Schools/Quick-Facts/University/ubroc08/Brock-University
/Scholarships/19611/Joseph-Henry-Marshall-Prize
https://www.Schoolfinder.com/Schools/Quick-Facts/University/utuwo08/Western-University
javascript:__doPostBack('ctl00$ContentPlaceHolder1$ScholarshipDataControl$grvScholarshipSearch','Page$2')
